Gm#,MeanTemperatureF,MeanHumidity,MeanVisibilityMiles,MeanWindSpeedMPH,Events,Weekend,Promotion,Opp,W,L,Rank,D/N,Streak,GB,Attendance
1,40,77,9,11,Rain,0,0,DET,1,0,1,1,+,0.5,48226
2,47,44,10,10,None,1,1,DET,2,0,1,1,++,0,41462
3,50,35,10,10,None,1,1,DET,2,1,2,1,-,-1,40574
4,53,68,9,7,Rain,0,1,MIN,3,1,2,0,+,-1,40311
5,54,63,8,11,Rain,0,1,MIN,3,2,3,0,-,-1.5,40267
6,47,71,10,6,Rain,0,1,MIN,4,2,2,1,+,-1,41512
10,47,93,4,12,Rain,0,1,BAL,6,4,1,0,+,0,42171
11,59,56,10,6,None,0,1,BAL,7,4,1,0,++,1,40517
12,49,53,10,10,None,0,0,TEX,7,5,1,0,-,0.5,40814
13,48,85,6,12,Rain,1,1,TEX,8,5,1,1,+,1.5,41876
14,56,61,8,9,Rain,1,1,TEX,9,5,1,0,++,2.5,40811
19,66,79,4,5,None,0,1,CHW,12,7,1,0,-,2.5,40506
20,69,76,6,6,Fog,0,1,CHW,12,8,1,0,--,2,40785
21,68,81,10,7,None,0,1,CHW,13,8,1,0,+,2,40586
22,67,80,8,7,Rain,0,1,CHW,14,8,1,0,++,1.5,40081
23,62,49,10,7,None,0,0,TOR,14,9,1,0,-,1.5,40830
24,59,48,10,5,None,1,0,TOR,15,9,1,1,+,1.5,42460
25,60,53,10,5,None,1,0,TOR,16,9,1,1,++,2.5,43363
33,64,53,10,6,None,0,1,KCR,20,13,1,0,++,1,41275
34,62,64,10,6,None,0,1,KCR,20,14,1,0,-,0,40164
35,63,61,10,5,None,0,1,KCR,20,15,2,0,--,-1,41790
36,60,70,10,3,None,0,0,BOS,20,16,2,0,---,-2,48254
37,61,77,10,5,None,1,0,BOS,20,17,2,0,----,-2,48790
38,64,92,3,4,Fog-Rain,1,0,BOS,20,18,2,0,-----,-2,46945
43,61,87,4,1,Rain,0,0,NYM,23,20,3,0,-,-1,47874
44,67,77,4,3,Rain,1,0,NYM,24,20,1,0,+,0,48286
45,56,93,5,5,None,1,0,NYM,25,20,1,1,++,0,48293
46,61,93,5,6,Fog-Rain,0,1,TOR,25,21,1,0,-,0,41946
47,74,76,6,5,Fog,0,1,TOR,26,21,1,0,+,0.5,41519
48,75,58,10,4,None,0,1,TOR,27,21,1,1,++,0.5,43201
58,77,58,9,6,None,0,0,BOS,33,25,1,0,-,0,48450
59,84,57,8,4,None,0,0,BOS,33,26,2,0,--,-1,47863
60,82,71,6,4,Rain,0,0,BOS,33,27,2,0,---,-2,48845
61,79,75,7,5,None,0,1,CLE,34,27,2,0,+,-2,45679
62,66,90,4,10,Rain,1,1,CLE,35,27,2,1,++,-2,47048
63,66,84,9,6,None,1,1,CLE,36,27,2,1,+++,-2,46791
64,67,75,6,5,Rain,0,1,CLE,36,28,2,0,-,-2.5,43551
65,65,73,9,5,Rain,0,1,TEX,37,28,2,0,+,-1.5,43457
66,70,57,10,5,None,0,1,TEX,38,28,2,0,++,-1.5,45969
67,73,65,9,4,None,0,1,TEX,39,28,2,1,+++,-1.5,47487
74,68,95,3,6,Rain,0,1,COL,43,31,2,0,--,-0.5,46028
75,72,77,6,4,None,1,1,COL,44,31,1,1,+,0.5,46900
76,73,65,10,4,None,1,1,COL,45,31,1,1,++,0.5,47894
77,78,78,8,3,None,0,1,MIL,46,31,1,0,+++,1.5,45575
78,76,71,8,4,Rain,0,1,MIL,47,31,1,0,++++,2.5,46450
79,74,56,10,5,None,0,0,MIL,48,31,1,1,+++++,2.5,46903
86,83,65,8,4,None,0,1,TBR,51,35,2,0,--,-0.5,47787
87,78,67,6,4,None,1,0,TBR,52,35,2,1,+,-1,48103
88,77,55,10,2,None,1,1,TBR,53,35,2,1,++,-1,47350
97,94,55,8,5,None,0,1,OAK,58,39,2,0,+,-2,46921
98,92,55,10,4,None,1,1,OAK,58,40,2,1,-,-3,46188
99,85,64,8,4,Rain,1,0,OAK,59,40,2,1,+,-3,45586
100,74,77,8,5,Rain,0,1,SEA,60,40,2,0,++,-2,44365
101,80,66,9,4,Rain,0,1,SEA,61,40,2,0,+++,-2,46132
102,76,67,10,4,None,0,0,SEA,61,41,2,1,-,-3,47090
103,78,82,3,4,Fog-Rain,0,0,BAL,61,42,2,0,--,-2.5,46499
104,83,63,10,5,None,1,1,BAL,62,42,2,1,+,-2,46469
105,83,63,10,5,None,1,1,BAL,63,42,2,0,++,-2,43190
106,81,57,10,3,Thunderstorm,1,0,BAL,64,42,2,1,+++,-2,46913
114,77,85,5,4,Fog-Rain,0,1,LAA,69,45,2,0,---,-2.5,46466
115,78,68,10,5,None,0,1,LAA,70,45,2,0,+,-1.5,46967
116,76,54,10,4,None,0,0,LAA,71,45,2,1,++,-1,47431
117,74,52,10,3,None,0,1,TBR,71,46,2,0,-,-2,47894
118,77,62,10,3,None,1,1,TBR,72,46,2,1,+,-1,47804
126,70,58,10,4,None,0,1,OAK,77,49,1,0,-,0,47343
127,74,63,10,7,None,0,1,OAK,77,50,2,0,--,-1,47271
128,75,87,6,7,Fog-Rain,0,1,OAK,78,50,2,1,+,-1,46369
136,72,70,10,4,None,0,1,TOR,83,53,1,0,++,0.5,47240
137,75,73,9,5,None,1,1,TOR,84,53,1,1,+++,0.5,47744
138,79,75,8,5,None,1,1,TOR,85,53,1,1,++++,1.5,47464
139,77,78,9,5,None,0,1,BAL,86,53,1,1,+++++,2.5,45069
140,68,91,4,8,Rain,0,1,BAL,87,53,1,0,++++++,2.5,44573
141,65,97,4,11,Rain,0,1,BAL,87,54,1,1,-,2.5,40104
152,60,64,10,5,None,0,1,MIN,92,60,1,1,+,5,40045
153,65,83,8,4,Rain,0,1,TBR,93,60,1,0,++,6,46944
154,68,84,6,2,Rain,0,1,TBR,94,60,1,1,+++,7.5,42755
155,68,84,6,2,Rain,0,1,TBR,95,60,1,0,++++,7.5,45586
156,74,85,5,2,Rain,0,1,TBR,95,61,1,0,-,7,47470
157,73,90,8,2,None,1,1,BOS,96,61,1,1,+,8,49556
158,75,80,10,1,None,1,1,BOS,97,61,1,1,++,8,49541
159,75,80,10,1,None,1,1,BOS,97,62,1,0,-,8,49072
7,54,40,10,3,None,0,0,LAA,4,3,1,1,++++,0,49386
8,61,31,10,3,Rain,1,0,LAA,4,4,2,1,-,-1,46829
9,68,53,10,4,Rain,1,0,LAA,5,4,1,0,+,0,41055
10,77,54,9,6,None,0,1,MIN,5,5,3,0,-,-1,40218
11,70,39,10,6,None,0,0,MIN,6,5,3,0,+,-1,40194
12,56,55,10,5,Rain,0,1,MIN,6,6,3,0,-,-1,36831
13,59,61,9,2,Rain,0,1,MIN,7,6,2,0,+,-1,40327
19,49,70,10,9,None,0,0,DET,11,8,3,0,+,-1.5,41200
20,49,42,10,6,None,1,1,DET,11,9,3,1,-,-1.5,44686
21,54,35,10,6,None,1,1,DET,12,9,3,1,+,-1.5,43084
22,53,47,10,4,None,0,0,BAL,13,9,3,0,++,-1.5,36890
23,60,82,6,4,Rain,0,0,BAL,13,10,3,0,-,-2.5,37790
24,52,90,7,6,Rain,0,0,BAL,13,11,4,0,--,-3.5,39360
29,61,80,9,5,Rain,0,1,TBR,16,13,3,0,++,-2.5,37086
30,63,89,4,3,Rain,0,1,TBR,16,14,4,0,-,-3.5,38024
31,58,68,8,6,Rain,0,1,TBR,17,14,4,0,+,-2.5,37720
32,59,42,10,6,None,0,0,SEA,18,14,3,0,++,-2.5,37226
33,66,38,10,4,None,1,1,SEA,19,14,3,1,+++,-2.5,43954
34,72,49,10,4,None,1,1,SEA,19,15,3,1,-,-2.5,41631
39,63,49,10,4,None,0,1,CIN,21,18,4,0,+,-4.5,42015
40,67,49,10,3,None,1,1,CIN,21,19,4,1,-,-5.5,45302
41,68,44,10,6,None,1,1,CIN,21,20,4,1,--,-5.5,45622
42,60,84,4,7,Fog-Rain,0,0,KCR,21,21,4,0,---,-5.5,39229
43,65,89,6,5,Rain,0,0,KCR,22,21,4,0,+,-5.5,37674
44,70,87,7,3,None,0,0,KCR,23,21,4,0,++,-4.5,40407
54,58,70,10,4,None,0,0,TBR,30,24,3,0,++,-0.5,40537
55,63,65,10,2,Rain,0,0,TBR,31,24,2,0,+++,-0.5,38370
56,68,66,10,3,None,0,1,TBR,31,25,3,0,-,-0.5,39891
57,71,57,10,3,None,0,0,NYM,32,25,2,0,+,-0.5,48566
58,71,57,10,3,Rain,1,0,NYM,33,25,2,0,++,-0.5,48575
59,75,72,10,2,None,1,0,NYM,34,25,2,1,+++,-0.5,49010
66,65,73,10,3,None,0,1,ATL,41,25,1,0,++++++++++,2.5,42709
67,70,77,10,3,None,0,0,ATL,41,26,1,0,-,2.5,41219
68,82,68,8,4,None,0,1,ATL,41,27,1,1,--,2.5,45094
72,68,79,7,4,Rain,0,1,CLE,44,28,1,0,+++,3,42290
73,65,53,10,6,None,0,1,CLE,45,28,1,0,++++,4,43006
74,77,48,10,7,None,0,1,CLE,46,28,1,1,+++++,5,45099
75,78,46,10,5,None,0,0,CHW,46,29,1,0,-,5,44041
76,81,69,7,4,Fog-Rain,0,0,CHW,46,30,1,0,--,4,44265
77,85,45,10,5,None,1,1,CHW,47,30,1,1,+,5,46895
78,84,50,10,5,None,1,1,CHW,48,30,1,1,++,6,48324
86,82,57,10,3,None,0,1,LAA,53,33,1,0,++,8,47873
87,79,61,10,4,None,1,1,LAA,54,33,1,1,+++,8,47789
88,80,76,8,4,Rain,1,1,LAA,54,34,1,1,-,8,46679
89,81,68,10,5,None,0,0,TOR,55,34,1,0,+,9,42819
90,85,50,9,4,None,0,1,TOR,56,34,1,0,++,9.5,44975
91,87,70,4,3,Fog-Rain,0,1,TOR,57,34,1,1,+++,10,45986
99,79,72,10,5,None,0,0,BOS,60,39,1,0,++,8.5,49571
100,75,80,6,5,Rain,1,0,BOS,60,40,1,0,-,8.5,49573
101,74,78,10,4,Rain,1,0,BOS,60,41,1,0,--,7.5,48526
102,75,76,10,3,None,0,1,BAL,60,42,1,0,---,6.5,43052
103,75,69,10,4,None,0,0,BAL,60,43,1,0,----,5.5,42821
104,74,90,7,2,Fog-Rain,0,0,BAL,61,43,1,1,+,6.5,44593
105,82,71,8,4,None,0,0,SEA,62,43,1,0,++,6.5,45872
106,83,68,9,3,None,1,1,SEA,62,44,1,1,-,6.5,47067
107,82,73,9,6,Rain,1,0,SEA,63,44,1,1,+,6.5,45878
115,78,54,10,4,None,0,1,TEX,68,47,1,0,+,5,45676
116,76,71,10,2,None,0,1,TEX,69,47,1,0,++,6,44533
117,75,84,6,3,Fog-Rain,0,1,TEX,70,47,1,0,+++,6,45921
118,76,69,7,3,None,0,1,TEX,70,48,1,1,-,6,47645
119,77,68,9,4,Rain,0,0,BOS,71,48,1,0,+,6,49422
120,71,70,8,3,Rain,1,0,BOS,71,49,1,1,-,5,49466
121,68,65,10,1,None,1,0,BOS,72,49,1,0,+,5,48620
128,76,78,9,4,Fog-Rain,0,0,TOR,74,54,1,0,-,3.5,42962
129,80,65,8,6,Rain,0,1,TOR,75,54,1,0,+,3.5,42472
130,73,52,10,5,None,0,1,TOR,75,55,1,1,-,3.5,46010
131,80,48,10,5,None,0,0,BAL,75,56,1,0,--,2,43352
132,83,57,10,5,None,1,1,BAL,76,56,1,1,+,3,46122
133,77,73,10,3,None,1,1,BAL,76,57,1,1,-,2,46501
144,72,62,10,4,None,0,1,TBR,81,63,1,0,-,0,45200
145,67,61,10,4,None,1,1,TBR,82,63,1,1,+,1,46856
146,66,54,10,2,None,1,0,TBR,83,63,1,1,++,1,43489
147,64,67,10,5,Rain,0,1,TOR,84,63,1,1,+++,0.5,39859
148,64,67,10,5,Rain,0,1,TOR,85,63,1,0,++++,0.5,39997
149,62,68,10,6,None,0,1,TOR,86,63,1,0,+++++,1,40511
150,68,66,10,5,None,0,1,OAK,87,63,1,0,++++++,1,40759
151,68,80,9,3,Rain,1,1,OAK,88,63,1,1,+++++++,1,44026
152,62,65,10,6,None,1,1,OAK,88,64,1,1,-,1,43867
160,61,61,10,5,None,0,0,BOS,93,67,1,0,++,1,45478
161,66,78,5,3,Fog-Rain,0,0,BOS,94,67,1,0,+++,1,41564
162,68,92,3,2,Fog,0,0,BOS,95,67,1,0,++++,2,47393
1,50,62,8,7,Rain,0,0,BOS,0,1,5,1,-,-1,49514
2,40,31,10,11,None,0,0,BOS,0,2,4,0,--,-2,40216
3,43,40,10,6,None,0,0,BOS,1,2,3,0,+,-1,40611
9,44,82,6,11,Rain,0,1,BAL,5,4,1,0,++++,0,35033
10,50,67,10,3,Rain,1,1,BAL,5,5,3,1,-,-1,41851
11,52,46,10,6,Rain,1,1,BAL,6,5,2,0,+,-1,34154
12,55,70,10,7,None,0,0,ARI,7,5,2,0,++,-1.5,34107
13,63,53,10,5,Rain,0,0,ARI,8,5,2,0,+++,-1.5,34369
14,55,70,9,6,Rain,0,1,ARI,8,6,2,0,-,-2.5,36033
21,56,48,10,5,None,0,0,TOR,12,9,3,0,+,-2.5,31445
22,59,32,10,3,None,0,0,TOR,13,9,3,0,++,-2.5,36151
23,60,32,10,5,None,1,0,TOR,14,9,3,1,+++,-2.5,40258
24,60,41,10,4,None,1,0,TOR,15,9,2,1,++++,-2.5,36872
25,55,69,10,5,Rain,0,0,HOU,15,10,2,0,-,-3,34262
26,60,54,10,5,None,0,0,HOU,16,10,2,0,+,-2,34301
27,58,49,10,5,None,0,0,HOU,17,10,2,0,++,-2,34117
28,58,57,10,7,None,0,0,OAK,17,11,2,0,-,-2.5,38090
29,59,61,10,6,None,1,1,OAK,18,11,2,1,+,-1.5,41349
30,55,56,10,6,None,1,1,OAK,18,12,2,1,-,-1.5,38134
39,52,45,10,4,None,0,0,SEA,25,14,1,0,++,2,41267
40,62,56,10,10,None,0,0,SEA,25,15,1,0,-,2,34081
41,71,55,10,4,None,0,1,SEA,25,16,1,0,--,1,35392
42,65,40,10,4,None,0,0,TOR,26,16,1,0,+,1,40008
43,61,62,10,2,None,1,1,TOR,27,16,1,1,++,1,45577
52,70,79,4,2,Fog,0,0,NYM,30,22,2,0,----,-1,43681
53,81,56,9,5,None,0,0,NYM,30,23,2,0,-----,-2,44207
54,83,52,9,4,None,0,0,BOS,31,23,2,0,+,-1,45141
55,82,59,10,4,None,1,0,BOS,31,24,2,0,-,-2,48784
56,79,73,9,6,Fog-Rain,1,0,BOS,31,25,3,0,--,-3,43613
57,72,71,5,3,Fog-Rain,0,1,CLE,32,25,2,0,+,-2.5,40007
58,66,43,10,5,None,0,0,CLE,33,25,2,0,++,-2.5,36208
59,66,57,10,4,None,0,1,CLE,34,25,2,1,+++,-1.5,42477
70,68,62,9,5,Rain,0,0,LAD,39,31,3,1,++,-3.5,40604
71,68,62,9,5,Rain,0,0,LAD,39,32,3,0,-,-3.5,41320
72,71,56,10,4,None,0,1,TBR,39,33,3,0,--,-3.5,37649
73,73,53,10,5,None,0,1,TBR,40,33,3,0,+,-3.5,41123
74,75,53,10,4,None,1,1,TBR,41,33,3,1,++,-2.5,46013
75,79,67,10,5,None,1,1,TBR,41,34,3,1,-,-2.5,46054
76,82,59,8,3,None,0,1,TEX,42,34,2,0,+,-2.5,41674
77,80,67,9,4,Rain,0,0,TEX,42,35,2,0,-,-3.5,38264
78,80,75,6,4,Rain,0,1,TEX,42,36,3,1,--,-4.5,42138
86,83,69,9,5,None,0,0,BAL,47,39,3,0,+++++,-6,43396
87,85,62,10,5,None,1,1,BAL,48,39,2,1,++++++,-5,42678
88,85,63,10,4,None,1,0,BAL,48,40,4,1,-,-5,40218
89,81,67,8,5,Fog-Rain,0,1,KCR,48,41,4,0,--,-5,35057
90,81,71,6,3,Rain,0,1,KCR,48,42,4,0,---,-6,35797
91,80,73,6,4,Rain,0,1,KCR,49,42,4,0,+,-6,35781
92,80,66,9,4,None,0,1,KCR,50,42,4,1,++,-6,40381
93,73,74,6,10,Rain,0,1,MIN,51,42,4,0,+++,-6,40247
94,74,86,5,5,Rain,1,0,MIN,51,43,4,1,-,-6,40301
95,82,76,7,4,Rain,1,0,MIN,51,44,4,1,--,-6,43131
103,74,59,10,5,None,0,1,TBR,54,49,4,0,-,-7,44486
104,76,65,10,3,None,1,1,TBR,54,50,4,1,--,-8,43424
105,74,80,7,2,Rain,1,1,TBR,55,50,4,1,+,-7.5,47714
114,80,80,8,4,Rain,0,1,DET,58,56,4,0,+,-10,46545
115,77,61,10,5,None,1,1,DET,58,57,4,1,-,-11,45728
116,73,52,10,3,None,1,1,DET,59,57,4,1,+,-10,42439
117,76,70,9,2,Rain,0,1,LAA,60,57,4,0,++,-9.5,37146
118,73,83,5,3,Rain,0,1,LAA,61,57,4,0,+++,-9.5,35013
119,68,64,10,6,None,0,1,LAA,62,57,4,0,++++,-8.5,38379
120,69,52,10,4,None,0,1,LAA,62,58,4,1,-,-8.5,44682
124,78,61,10,3,None,0,1,TOR,65,59,4,1,++,-6.5,40248
125,78,61,10,3,None,0,1,TOR,66,59,4,0,+++,-6.5,37190
126,81,54,10,3,None,0,1,TOR,67,59,4,0,++++,-6.5,36140
127,75,84,6,4,Rain,0,1,TOR,68,59,4,1,+++++,-6,40116
134,78,66,9,4,None,0,1,BAL,71,63,4,0,+,-8,45169
135,80,73,8,5,None,1,1,BAL,72,63,3,1,++,-8,42836
136,80,76,9,2,None,1,1,BAL,72,64,4,1,-,-9,40361
137,78,82,6,1,Rain,0,1,CHW,73,64,4,1,+,-8,40125
138,75,67,7,3,Rain,0,1,CHW,74,64,3,0,++,-8,33215
139,74,54,10,5,None,0,1,CHW,75,64,3,0,+++,-8,36082
140,72,48,10,6,None,0,0,BOS,75,65,3,0,-,-9,40481
141,65,42,10,4,None,0,0,BOS,75,66,4,0,--,-10,44117
142,70,48,10,3,None,1,0,BOS,75,67,4,1,---,-11,49046
143,74,45,10,7,None,1,0,BOS,76,67,4,1,+,-10,43078
154,70,60,10,3,None,0,0,SFG,81,73,4,0,+,-12.5,41734
155,69,77,9,4,Rain,1,1,SFG,82,73,3,1,++,-11.5,42420
156,62,68,7,6,Fog-Rain,1,1,SFG,82,74,3,1,-,-12.5,49197
157,60,54,10,4,None,0,1,TBR,82,75,3,0,--,-12.5,43407
158,63,52,10,2,None,0,1,TBR,82,76,3,0,---,-13.5,37260
159,65,69,10,4,None,0,0,TBR,82,77,4,0,----,-14,48675
7,48,62,5,6,Rain,0,0,BAL,4,3,1,1,++,0.5,48142
8,55,65,5,7,Fog-Rain,0,0,BAL,4,4,2,1,-,-0.5,35864
9,53,44,10,7,None,0,0,BAL,4,5,3,0,--,-1,39412
10,50,36,10,7,None,0,0,BOS,5,5,1,0,+,0,42821
11,66,49,10,6,None,0,1,BOS,5,6,3,0,-,-1,44121
12,62,51,10,4,None,1,1,BOS,6,6,2,1,+,-1,48572
13,66,55,10,6,None,1,1,BOS,7,6,1,0,++,0,46081
14,40,48,8,8,Rain-Snow,0,1,CHC,8,6,1,1,+++,0.5,36569
15,40,48,8,8,Rain-Snow,0,1,CHC,9,6,1,0,++++,0.5,40073
23,54,41,10,5,Rain,0,1,LAA,13,10,1,0,-,1.5,38358
24,57,65,6,5,Rain,1,0,LAA,14,10,1,1,+,1.5,40908
25,53,49,10,6,None,1,0,LAA,15,10,1,0,++,2.5,40028
26,48,68,10,9,Rain,0,0,SEA,15,11,1,0,-,2,37484
27,65,64,5,5,Fog-Rain,0,0,SEA,15,12,1,0,--,0.5,43121
28,63,52,10,4,None,0,1,TBR,15,13,2,0,---,-0.5,33580
29,63,54,9,3,Rain,1,1,TBR,16,13,1,1,+,0.5,43325
30,60,50,10,8,None,1,0,TBR,16,14,1,1,-,0.5,41122
37,75,48,10,2,None,0,0,NYM,19,18,2,0,---,-1.5,46517
38,63,56,10,7,None,0,0,NYM,19,19,2,0,----,-1.5,45958
41,62,60,10,5,None,1,1,PIT,22,19,1,1,+++,0,47353
43,59,47,10,6,None,1,1,PIT,23,20,1,1,-,0.5,46858
53,65,54,10,2,None,0,1,MIN,28,25,2,0,-,-2.5,42245
54,65,55,9,6,Rain,1,1,MIN,29,25,2,1,+,-2.5,44346
55,66,44,10,4,None,1,1,MIN,29,26,2,1,-,-3.5,42449
56,70,45,10,4,None,0,0,SEA,29,27,2,0,--,-4,41539
57,76,69,7,4,Rain,0,1,OAK,29,28,3,0,---,-5,41677
58,73,72,6,4,None,0,0,OAK,29,29,3,0,----,-6,37734
59,69,67,5,6,Rain,0,1,OAK,30,29,3,1,+,-6,44346
69,80,57,9,4,None,0,0,TOR,36,33,2,0,+,-3.5,41834
70,83,51,10,6,None,0,1,TOR,37,33,2,0,++,-2.5,41342
71,73,77,9,4,Rain,0,1,TOR,38,33,2,0,+++,-1.5,40169
72,72,55,10,4,None,0,0,BAL,39,33,2,0,++++,-1.5,46197
73,70,46,10,5,None,1,1,BAL,39,34,2,1,-,-1.5,47165
74,72,58,10,2,None,1,1,BAL,39,35,2,1,--,-1.5,47493
78,75,61,10,3,None,0,0,BOS,41,37,3,0,++,-2,48522
79,77,48,10,3,None,1,0,BOS,41,38,3,0,-,-2,48433
80,76,55,10,3,None,1,0,BOS,41,39,3,0,--,-2,48124
81,77,66,10,3,None,0,0,TBR,41,40,3,0,---,-2.5,36052
82,81,70,10,5,None,0,1,TBR,41,41,3,0,----,-3.5,35866
83,82,73,6,4,Fog-Rain,0,1,TBR,41,42,3,1,-----,-4.5,42343
95,73,55,10,4,None,0,1,CIN,48,47,2,0,+,-4,47372
96,72,63,10,5,None,1,1,CIN,49,47,2,1,++,-4,47606
97,72,65,10,4,None,1,1,CIN,50,47,2,1,+++,-3,43115
98,76,61,10,2,None,0,1,TEX,50,48,2,0,-,-4,45278
99,79,60,10,4,None,0,1,TEX,51,48,2,0,+,-4,37669
100,80,75,9,5,Rain,0,1,TEX,52,48,2,0,++,-3,37585
101,75,65,10,5,None,0,0,TEX,53,48,2,1,+++,-3,45105
102,74,49,10,99,None,0,0,TOR,54,48,2,0,++++,-3,44237
103,75,65,10,4,None,1,1,TOR,54,49,2,1,-,-3,46166
104,78,72,9,3,Rain,1,1,TOR,54,50,3,1,--,-4,45063
111,77,68,10,3,None,0,1,DET,58,53,3,0,+++,-5,41603
112,81,54,10,2,None,0,1,DET,58,54,3,0,-,-6,40078
113,77,55,10,3,None,0,1,DET,59,54,3,0,+,-5,40067
114,75,47,10,4,None,0,1,DET,60,54,2,1,++,-5,47013
115,74,50,10,3,None,0,1,CLE,61,54,2,0,+++,-5,43972
116,77,48,10,3,None,1,1,CLE,61,55,2,1,-,-6,47376
117,78,55,10,3,None,1,1,CLE,61,56,3,1,--,-6,46152
123,73,64,10,4,None,0,1,HOU,63,60,2,0,-,-8.5,40015
124,77,60,10,2,None,0,1,HOU,63,61,3,0,--,-9.5,42102
125,74,70,9,4,Rain,0,1,HOU,64,61,2,1,+,-9,41767
126,72,75,8,5,Rain,0,1,CHW,65,61,2,0,++,-8,43811
127,72,65,10,5,None,1,1,CHW,66,61,2,1,+++,-7,47594
128,72,62,10,3,None,1,1,CHW,67,61,2,1,++++,-6,43366
136,85,62,10,5,None,0,0,BOS,70,66,2,0,---,-9.5,40334
137,79,50,10,3,None,0,0,BOS,71,66,2,0,+,-9.5,40007
138,78,51,10,3,None,0,0,BOS,72,66,2,0,++,-9.5,44708
139,80,76,9,3,None,0,0,KCR,72,67,2,0,-,-9.5,36284
140,79,67,8,5,Rain,1,0,KCR,73,67,2,1,+,-8.5,45262
141,73,59,10,5,None,1,0,KCR,73,68,2,1,-,-9.5,48110
142,68,66,10,8,None,0,1,TBR,73,69,3,0,--,-11,31188
143,72,62,10,6,None,0,1,TBR,74,69,3,0,+,-11,31591
144,76,68,10,5,None,0,0,TBR,75,69,3,0,++,-10.5,32627
152,67,56,10,3,None,0,1,TOR,78,74,2,0,++,-14,34279
153,60,58,10,8,None,0,0,TOR,79,74,2,0,+++,-13,40059
154,66,67,10,3,None,1,0,TOR,79,75,2,1,-,-14,47292
155,71,83,4,2,Rain,1,1,TOR,80,75,2,1,+,-13,48144
156,63,55,10,7,Rain,0,1,BAL,81,75,2,0,++,-12,35614
157,62,50,10,2,None,0,0,BAL,81,76,2,0,-,-13,43201
158,65,65,10,6,None,0,0,BAL,81,77,2,1,--,-14,46056
159,61,75,8,8,Rain,0,0,BAL,82,77,2,0,+,-13,48613
1,53,56,10,4,None,0,0,TOR,0,1,4,1,-,-1,48469
2,41,66,9,11,None,0,0,TOR,1,1,2,0,+,-0.5,31020
3,40,81,9,9,None,0,0,TOR,1,2,4,0,-,-1,32152
4,48,90,5,5,Rain,0,1,BOS,1,3,4,0,--,-2,41292
5,51,48,10,9,None,1,1,BOS,1,4,5,1,---,-3,46678
6,55,39,10,3,None,1,0,BOS,2,4,5,0,+,-2,43019
17,46,35,10,9,None,0,0,NYM,10,7,1,0,++++,0,45310
18,50,36,10,6,None,1,1,NYM,10,8,1,1,-,0,47909
19,55,36,10,5,None,1,0,NYM,11,8,1,0,+,0,47510
20,56,40,10,6,None,0,0,TBR,12,8,1,0,++,1,34590
21,61,43,10,8,None,0,1,TBR,13,8,1,0,+++,2,36934
22,64,44,10,6,None,0,0,TBR,13,9,1,1,-,1,30055
29,68,54,10,2,None,0,0,BAL,18,11,1,0,+,3,39816
30,69,62,6,3,None,0,0,BAL,19,11,1,0,++,3,38731
31,64,77,5,4,None,1,1,BAL,19,12,1,1,-,2,41280
32,72,71,7,4,None,1,0,BAL,20,12,1,1,+,3,39059
42,65,51,10,6,None,0,1,TEX,22,20,2,0,----,-1.5,40008
43,60,38,10,4,None,1,1,TEX,22,21,2,1,-----,-1.5,42067
44,69,38,10,4,None,1,1,TEX,22,22,2,0,------,-1.5,45681
45,75,52,10,5,None,0,1,KCR,23,22,2,1,+,-0.5,36031
46,78,54,10,5,None,0,0,KCR,24,22,1,0,++,1,33414
47,78,70,8,5,Rain,0,0,KCR,25,22,1,1,+++,2,32734
55,63,80,6,3,Rain,0,0,LAA,30,25,1,0,++++,1,40310
56,68,60,6,5,Rain,1,0,LAA,31,25,1,0,+++++,2,40096
57,65,44,10,4,None,1,0,LAA,32,25,1,1,++++++,2,43178
58,76,65,9,5,Rain,0,1,WSN,33,25,1,0,+++++++,3,36613
59,74,53,10,3,None,0,1,WSN,33,26,1,1,-,2,39847
65,74,60,9,4,Rain,0,1,MIA,35,30,2,0,+,-1,43048
66,68,74,10,4,None,0,1,MIA,36,30,2,0,++,-1,38239
67,78,66,9,4,None,0,0,DET,37,30,2,0,+++,-1,44588
68,70,70,7,5,Rain,1,1,DET,38,30,2,0,++++,-1,48092
69,80,72,5,5,Rain,1,0,DET,38,31,2,1,-,-1,38691
70,79,62,10,5,None,0,1,PHI,38,32,2,0,--,-1,36883
71,83,66,9,6,None,0,1,PHI,38,33,2,0,---,-2,36198
72,76,50,10,5,None,0,1,PHI,39,33,2,1,+,-1,45877
80,74,52,10,3,None,0,1,TBR,43,37,1,0,++,1,43141
81,72,60,10,3,Rain,1,1,TBR,44,37,1,1,+++,2,35508
82,76,60,9,2,None,1,0,TBR,44,38,1,1,-,1,35050
83,82,76,8,5,Fog-Rain,0,0,OAK,44,39,1,0,--,2,32337
84,83,72,8,3,None,0,1,OAK,45,39,1,0,+,3,41626
85,74,72,5,5,Rain,0,0,OAK,46,39,1,1,++,3,40084
89,74,62,10,4,None,0,0,SEA,49,40,1,0,++,5,47086
90,78,72,8,4,Fog-Rain,1,1,SEA,49,41,1,1,-,4,46119
91,86,62,10,3,None,1,1,SEA,50,41,1,1,+,4,42926
92,82,54,10,3,None,0,0,BAL,51,41,1,0,++,5,37993
93,77,44,10,6,None,0,0,BAL,52,41,1,0,+++,6,43887
94,77,42,10,4,None,0,0,BAL,53,41,1,1,++++,6,46875
105,79,61,8,5,Fog-Rain,0,1,BOS,60,45,1,0,++,6,48522
106,80,47,10,3,None,0,1,BOS,60,46,1,0,-,5,47489
107,75,47,10,2,None,0,1,BOS,61,46,1,0,+,5,48608
108,77,48,10,5,None,0,1,TOR,61,47,1,0,-,4,42839
109,75,58,10,4,None,1,1,TOR,61,48,1,1,--,3,45255
110,77,54,10,4,None,1,0,TOR,61,49,1,1,---,2,42034
117,87,51,10,3,None,0,1,MIN,65,52,1,0,+,1,38493
118,82,67,8,4,Rain,0,0,MIN,66,52,1,0,++,1,38007
119,82,70,10,4,None,0,1,MIN,67,52,1,1,+++,2,38086
120,82,67,10,6,None,0,1,CLE,67,53,1,0,-,2,36129
121,79,65,9,4,Rain,0,1,CLE,67,54,1,0,--,1,35940
122,78,45,9,4,None,1,1,CLE,68,54,1,1,+,1,47031
123,78,63,10,4,None,1,1,CLE,68,55,2,1,-,-1,46945
124,80,63,10,3,None,0,1,HOU,69,55,1,0,+,0,37125
125,82,53,10,4,None,0,1,HOU,69,56,2,0,-,-1,38015
126,76,46,10,4,None,0,1,HOU,69,57,2,1,--,-2,37259
133,79,60,8,7,None,0,0,TBR,75,58,2,0,+++,-0.5,32530
134,75,52,10,4,None,1,1,TBR,75,59,2,1,-,-1.5,35030
135,76,54,10,1,None,1,0,TBR,76,59,2,1,+,-1.5,35299
136,81,58,10,4,None,0,1,BAL,77,59,2,1,++,-0.5,31039
137,87,50,10,5,None,0,1,BAL,77,60,2,0,-,-1.5,30785
138,83,64,10,4,None,0,1,BAL,77,61,2,0,--,-1.5,30038
139,74,68,9,5,None,0,0,TOR,77,62,2,0,---,-2.5,40220
141,74,76,9,4,Rain,1,1,TOR,77,64,2,0,-----,-4.5,46278
142,71,68,9,6,Rain,1,1,TOR,78,64,2,1,+,-3.5,39127
152,71,54,10,4,None,0,0,CHW,84,68,2,0,+,-3,35132
153,70,55,10,6,None,0,0,CHW,84,69,2,0,-,-4,37316
154,67,55,10,6,None,1,1,CHW,85,69,2,1,+,-4,39134
155,64,65,10,5,None,1,1,CHW,86,69,2,1,++,-4,38690
156,72,71,10,3,None,0,0,BOS,86,70,2,0,-,-5,39476
157,78,73,9,3,Rain,0,0,BOS,86,71,2,0,--,-5.5,38512
158,69,78,8,8,Rain,0,0,BOS,86,72,2,0,---,-6,39328
159,60,70,10,9,Rain,0,0,BOS,87,72,2,0,+,-5,40033
1,35,44,10,8,None,0,1,HOU,0,1,4,1,-,-1,47820
2,39,48,10,6,None,0,1,HOU,1,1,2,0,+,-1,37493
3,53,69,9,7,Rain,0,0,HOU,2,1,2,1,++,-1,30003
9,54,47,10,4,None,0,0,SEA,4,5,3,0,---,-3.5,35531
10,56,40,10,8,None,1,0,SEA,4,6,3,1,----,-3.5,38574
11,60,43,10,3,None,1,1,SEA,5,6,3,1,+,-3,43856
12,64,26,10,8,None,0,0,OAK,5,7,5,0,-,-3,31952
13,59,23,10,6,None,0,1,OAK,5,8,5,0,--,-4,37396
14,61,37,10,6,None,0,0,OAK,5,9,5,0,---,-5,33818
15,71,55,10,4,None,0,0,TBR,6,9,5,0,+,-4,31843
16,63,63,7,7,Rain,1,1,TBR,7,9,4,1,++,-4,40714
17,58,42,10,6,None,1,0,TBR,7,10,5,1,-,-4,40981
27,51,80,6,8,Fog-Rain,0,0,BOS,10,17,5,0,+,-6,45756
28,54,80,7,4,None,1,1,BOS,11,17,5,1,++,-5.5,47822
29,58,54,7,5,Rain,1,0,BOS,11,18,5,0,-,-6.5,41869
30,62,37,10,5,None,0,1,KCR,12,18,5,0,+,-6,41243
31,57,42,10,5,None,0,1,KCR,13,18,5,0,++,-6,39128
32,63,48,10,3,None,0,0,KCR,13,19,5,0,-,-7,31226
33,68,48,10,3,None,0,1,KCR,14,19,5,0,+,-7,35944
34,62,86,9,5,None,0,1,CHW,14,20,5,0,-,-8,34264
35,65,83,9,5,None,1,1,CHW,15,20,5,1,+,-8,39691
36,52,48,9,5,None,1,1,CHW,16,20,5,1,++,-7,41979
44,66,70,8,2,Rain,0,0,TOR,22,22,3,0,++++++,-5.5,35174
45,75,46,9,4,None,0,0,TOR,22,23,3,0,-,-6.5,38959
46,80,37,8,4,None,0,1,TOR,22,24,4,1,--,-6.5,38391
57,74,66,8,6,None,0,0,LAA,27,30,4,0,+,-6.5,34648
58,75,51,9,5,None,0,0,LAA,28,30,4,0,++,-6.5,31034
59,60,68,8,8,Rain,0,0,LAA,29,30,4,0,+++,-6.5,31557
60,63,44,10,9,None,0,0,LAA,30,30,4,0,++++,-6.5,34971
61,67,35,10,5,None,0,0,DET,31,30,4,0,+++++,-5.5,40011
62,74,52,10,3,None,1,0,DET,31,31,4,0,-,-5.5,38050
63,73,42,9,8,None,1,1,DET,31,32,4,1,--,-5.5,47474
70,80,44,10,5,Rain,0,0,COL,34,36,4,0,--,-6,34760
71,77,44,10,4,None,0,1,COL,35,36,4,1,+,-6,40104
72,76,61,9,6,None,0,1,MIN,36,36,4,0,++,-6,44808
73,75,59,9,4,None,1,1,MIN,37,36,4,1,+++,-6.5,40075
74,77,53,9,3,None,1,1,MIN,37,37,4,1,-,-7.5,38673
75,75,71,8,5,Rain,0,0,TEX,37,38,4,0,--,-8,32914
76,72,88,6,4,Rain,0,1,TEX,37,39,4,0,---,-9,32373
77,75,67,7,2,Rain,0,1,TEX,38,39,4,0,+,-9,39875
78,76,51,10,3,None,0,1,TEX,39,39,4,1,++,-8,39934
89,84,63,9,4,None,0,1,BOS,44,45,4,0,-,-8.5,47439
90,83,57,9,4,None,1,0,BOS,44,46,4,1,--,-9.5,48329
91,82,59,9,3,None,1,0,BOS,45,46,4,0,+,-8.5,42884
92,83,67,8,6,Rain,0,1,BAL,46,46,4,0,++,-7.5,31102
93,78,57,9,5,None,0,1,BAL,47,46,4,0,+++,-6.5,31192
94,77,45,10,3,None,0,1,BAL,48,46,4,0,++++,-6,35681
95,81,57,9,5,None,0,1,BAL,48,47,4,1,-,-7,42476
96,84,63,8,7,None,0,1,SFG,49,47,4,0,+,-6.5,45304
97,88,42,9,5,None,1,1,SFG,49,48,4,1,-,-7.5,46727
98,85,46,9,4,None,1,0,SFG,50,48,4,1,+,-7.5,34143
107,73,63,9,3,None,0,0,NYM,54,53,4,0,+,-7.5,48339
108,74,66,9,2,None,0,0,NYM,54,54,4,0,-,-7.5,48153
109,76,62,9,4,None,0,1,CLE,55,54,4,0,+,-7.5,39252
110,80,67,8,5,Rain,1,1,CLE,55,55,4,1,-,-7.5,37264
111,78,52,10,4,None,1,1,CLE,56,55,4,1,+,-7.5,39720
115,83,75,7,5,Rain,0,1,TBR,59,56,4,0,+++,-6,46459
116,89,68,8,4,None,1,1,TBR,60,56,4,1,++++,-5.5,41682
117,86,70,9,4,Rain,1,1,TBR,60,57,4,1,-,-6.5,41473
118,85,60,9,3,None,0,1,TOR,61,57,4,0,+,-5.5,36015
119,83,77,7,4,Rain,0,1,TOR,61,58,4,0,-,-6.5,31874
120,81,65,10,5,None,0,1,TOR,61,59,4,1,--,-7.5,37736
127,83,61,9,5,None,0,1,BAL,66,61,4,0,+++,-5.5,38423
128,82,47,10,3,None,1,1,BAL,67,61,4,1,++++,-5.5,38843
129,81,62,9,2,None,1,1,BAL,67,62,4,1,-,-6.5,38002
136,75,48,10,8,None,0,1,TOR,71,65,4,1,++,-5.5,42141
137,76,65,10,10,None,0,1,TOR,72,65,4,0,+++,-4.5,27532
138,78,70,9,6,None,0,1,TOR,73,65,4,0,++++,-4.5,30501
139,80,69,8,3,None,0,1,TBR,74,65,4,0,+++++,-4,27631
140,83,71,8,4,Rain,0,1,TBR,75,65,4,0,++++++,-4,30194
141,82,77,6,4,None,1,1,TBR,76,65,4,1,+++++++,-3,33460
142,75,59,9,6,None,1,1,TBR,76,66,4,1,-,-4,33087
143,70,54,10,4,None,0,0,LAD,76,67,4,0,--,-5,32058
144,74,62,10,4,None,0,1,LAD,77,67,4,0,+,-4,32615
145,79,58,7,5,Fog-Rain,0,1,LAD,77,68,4,1,-,-4,30254
157,69,67,8,3,Rain,0,0,BOS,81,76,4,0,++,-11,35161
158,63,80,8,8,None,0,0,BOS,82,76,4,0,+++,-10,35520
159,61,75,9,11,None,0,0,BOS,83,76,4,0,++++,-9,41597
160,58,83,4,10,Rain,0,1,BAL,83,77,4,0,-,-10,33955
161,59,86,9,8,None,1,1,BAL,84,77,4,1,+,-9,33222
162,60,86,8,3,None,1,1,BAL,84,78,4,1,-,-9,33277